dist,support,nrSegments,information
1.506249,0.271605,2,low
0.773038,0.020576,2,low
5.754343,0.901235,2,low
2.074040,1.000000,2,low
0.383782,0.057613,2,low
1.649637,0.942387,2,low
2.098895,0.176955,2,low
0.796148,0.032922,2,low
2.229496,0.995885,2,low
1.362178,0.987654,2,low
1.194469,0.024691,2,low
0.879295,0.024691,2,low
3.086146,0.069959,2,low
3.637690,0.987654,2,low
1.506249,0.246914,3,low
0.773038,0.008230,3,low
1.470267,0.094650,3,low
3.938413,0.691358,3,low
2.354691,0.551440,3,low
2.074040,0.975309,3,low
0.383782,0.053498,3,low
1.649637,0.913580,3,low
0.796148,0.024691,3,low
2.229496,0.213992,3,low
1.362178,0.325103,3,low
3.671817,0.893004,3,low
1.194469,0.004115,3,low
2.098895,0.000000,3,low
0.879295,0.004115,3,low
3.086146,0.053498,3,low
3.637690,0.930041,3,low
1.506249,0.213992,4,low
0.773038,0.000000,4,low
1.470267,0.049383,4,low
3.938413,0.662551,4,low
2.354691,0.543210,4,low
2.074040,0.131687,4,low
0.383782,0.012346,4,low
1.649637,0.905350,4,low
0.796148,0.020576,4,low
2.229496,0.201646,4,low
1.362178,0.316872,4,low
3.671817,0.855967,4,low
1.194469,0.004115,4,low
2.098895,0.000000,4,low
0.879295,0.004115,4,low
3.086146,0.053498,4,low
3.637690,0.872428,4,low
2.578721,0.991770,2,low
0.941400,0.917695,2,low
1.864974,0.024691,3,low
2.578721,0.942387,3,low
0.941400,0.345679,3,low
1.080467,0.008230,3,low
1.892626,0.000000,3,low
1.864974,0.000000,4,low
2.663215,0.921811,4,low
2.578721,0.934156,4,low
2.682267,0.000000,4,low
0.941400,0.337449,4,low
1.080467,0.008230,4,low
1.892626,0.000000,4,low
2.041684,0.962963,2,low
2.304401,0.769547,2,low
2.284778,0.008230,2,low
1.378249,0.045267,2,low
0.785313,0.045267,2,low
3.720353,0.983539,2,low
3.872748,0.283951,2,low
4.300384,0.489712,2,low
0.782413,0.028807,2,low
4.534991,0.905350,2,low
4.223197,0.230453,2,low
2.434286,0.000000,2,low
1.207236,0.604938,2,low
4.858950,0.432099,3,low
2.041684,0.864198,3,low
4.013085,0.000000,3,low
2.304401,0.761317,3,low
2.284778,0.000000,3,low
2.009395,0.370370,3,low
1.556111,0.008230,3,low
2.307483,0.209877,3,low
1.378249,0.012346,3,low
0.785313,0.016461,3,low
1.096199,0.032922,3,low
3.720353,0.942387,3,low
4.300384,0.300412,3,low
1.477066,0.037037,3,low
3.872748,0.275720,3,low
0.782413,0.020576,3,low
5.558246,0.769547,3,low
1.318294,0.016461,3,low
4.534991,0.000000,3,low
2.896148,0.156379,3,low
1.128463,0.012346,3,low
2.434286,0.000000,3,low
1.207236,0.111111,3,low
1.273762,0.000000,3,low
3.435061,0.452675,3,low
4.858950,0.382716,4,low
2.006998,0.135802,4,low
3.603856,0.004115,4,low
2.307483,0.156379,4,low
2.041684,0.823045,4,low
4.013085,0.000000,4,low
2.304401,0.732510,4,low
2.284778,0.000000,4,low
2.009395,0.337449,4,low
1.556111,0.004115,4,low
4.300384,0.292181,4,low
1.721591,0.028807,4,low
1.378249,0.012346,4,low
0.303812,0.016461,4,low
0.785313,0.016461,4,low
1.096199,0.012346,4,low
2.984953,0.925926,4,low
3.318749,0.032922,4,low
1.477066,0.032922,4,low
3.872748,0.275720,4,low
0.782413,0.012346,4,low
3.386699,0.000000,4,low
5.558246,0.736626,4,low
1.318294,0.016461,4,low
1.629443,0.000000,4,low
2.896148,0.028807,4,low
1.128463,0.004115,4,low
2.434286,0.000000,4,low
1.207236,0.082305,4,low
1.273762,0.000000,4,low
3.435061,0.432099,4,low
3.015057,0.983539,2,low
3.015057,0.958848,3,low
0.591581,0.000000,3,low
3.015057,0.958848,4,low
0.591581,0.000000,4,low
4.863696,0.995885,2,low
8.465407,0.979424,2,low
2.750398,0.991770,2,low
2.566873,0.769547,3,low
4.863696,0.987654,3,low
8.465407,0.958848,3,low
2.750398,0.991770,3,low
1.318621,0.004115,4,low
2.518482,0.106996,4,low
2.566873,0.765432,4,low
4.863696,0.975309,4,low
4.105689,0.925926,4,low
8.465407,0.921811,4,low
2.750398,0.991770,4,low
2.781189,0.860082,2,low
1.931323,0.181070,2,low
1.331405,0.078189,2,low
2.646072,0.078189,2,low
1.972003,0.053498,2,low
0.923608,0.954733,2,low
2.419487,0.748971,2,low
2.078831,0.666667,2,low
1.502674,0.530864,2,low
0.862916,0.061728,2,low
2.158048,0.489712,2,low
2.517707,0.942387,2,low
0.822168,0.061728,2,low
9.683354,0.399177,2,low
7.601929,0.773663,2,low
0.404967,0.045267,2,low
2.793293,0.621399,2,low
3.649487,0.860082,2,low
5.887376,0.925926,2,low
2.781189,0.831276,3,low
6.431415,0.938272,3,low
2.646072,0.061728,3,low
0.599813,0.106996,3,low
0.825180,0.004115,3,low
2.078831,0.641975,3,low
1.502674,0.485597,3,low
0.862916,0.041152,3,low
1.931323,0.024691,3,low
0.119689,0.139918,3,low
0.739861,0.045267,3,low
0.822168,0.016461,3,low
7.601929,0.407407,3,low
3.041726,0.193416,3,low
0.404967,0.024691,3,low
1.216566,0.942387,3,low
6.363994,0.823045,3,low
3.649487,0.761317,3,low
2.294885,0.617284,3,low
1.296508,0.798354,3,low
0.869126,0.201646,3,low
0.908204,0.366255,3,low
1.331405,0.032922,3,low
3.953654,0.757202,3,low
1.972003,0.024691,3,low
2.400794,0.037037,3,low
0.923608,0.917695,3,low
2.419487,0.670782,3,low
4.673763,0.390947,3,low
2.158048,0.213992,3,low
4.033035,0.283951,3,low
3.560019,0.888889,3,low
8.112596,0.827160,3,low
2.517707,0.909465,3,low
7.602719,0.098765,3,low
1.286897,0.720165,3,low
2.793293,0.386831,3,low
2.781189,0.600823,4,low
4.361011,0.448560,4,low
4.413551,0.930041,4,low
2.646072,0.053498,4,low
0.599813,0.106996,4,low
7.601929,0.279835,4,low
0.682154,0.004115,4,low
0.825180,0.000000,4,low
2.078831,0.617284,4,low
1.502674,0.469136,4,low
7.602719,0.065844,4,low
1.738234,0.000000,4,low
0.862916,0.020576,4,low
1.931323,0.032922,4,low
0.119689,0.111111,4,low
0.739861,0.041152,4,low
0.822168,0.016461,4,low
3.041726,0.172840,4,low
5.459382,0.057613,4,low
0.087072,0.000000,4,low
0.404967,0.016461,4,low
1.216566,0.925926,4,low
6.363994,0.703704,4,low
3.649487,0.646091,4,low
2.294885,0.580247,4,low
1.296508,0.765432,4,low
0.869126,0.176955,4,low
0.908204,0.329218,4,low
1.331405,0.012346,4,low
3.953654,0.748971,4,low
0.609014,0.012346,4,low
2.400794,0.024691,4,low
0.923608,0.897119,4,low
2.419487,0.485597,4,low
8.112596,0.304527,4,low
4.673763,0.337449,4,low
2.158048,0.201646,4,low
4.033035,0.283951,4,low
2.793293,0.057613,4,low
3.560019,0.814815,4,low
3.785817,0.362140,4,low
2.517707,0.901235,4,low
1.286897,0.695473,4,low
4.362394,0.004115,4,low
7.907674,0.991770,2,low
4.419063,0.995885,2,low
15.113498,0.995885,2,low
10.390116,0.991770,2,low
1.414111,0.699588,2,low
7.388387,0.991770,2,low
3.056716,0.160494,2,low
10.177588,1.000000,2,low
8.024719,0.962963,2,low
4.419063,0.930041,3,low
7.907674,0.724280,3,low
1.619907,0.790123,3,low
11.100190,0.967078,3,low
10.390116,0.983539,3,low
1.414111,0.041152,3,low
8.202344,0.950617,3,low
3.181225,0.967078,3,low
1.181925,0.008230,3,low
6.253845,0.061728,3,low
7.388387,0.991770,3,low
3.056716,0.123457,3,low
7.916352,0.971193,3,low
8.024719,0.942387,3,low
7.736074,0.646091,3,low
4.419063,0.880658,4,low
7.907674,0.711934,4,low
1.619907,0.773663,4,low
11.100190,0.967078,4,low
10.390116,0.979424,4,low
20.670481,0.012346,4,low
8.202344,0.942387,4,low
3.181225,0.958848,4,low
1.181925,0.008230,4,low
6.253845,0.045267,4,low
7.388387,0.987654,4,low
3.056716,0.045267,4,low
7.916352,0.958848,4,low
1.414111,0.012346,4,low
8.024719,0.934156,4,low
7.736074,0.637860,4,low
0.359912,0.012346,2,low
4.639260,1.000000,2,low
2.745610,1.000000,2,low
4.603022,0.942387,2,low
0.822990,0.049383,2,low
0.359912,0.004115,3,low
4.639260,0.975309,3,low
2.745610,0.995885,3,low
4.603022,0.925926,3,low
0.822990,0.016461,3,low
0.359912,0.004115,4,low
4.639260,0.954733,4,low
3.826919,0.547325,4,low
2.745610,0.987654,4,low
4.603022,0.917695,4,low
0.822990,0.004115,4,low
5.879344,0.213992,2,low
3.055343,1.000000,2,low
1.317115,0.176955,2,low
0.399061,0.362140,2,low
2.039403,0.592593,2,low
16.200090,0.962963,2,low
5.062418,0.160494,2,low
2.258263,0.987654,2,low
1.973828,0.995885,2,low
2.039403,0.218107,3,low
2.023740,0.600823,3,low
11.419105,0.979424,3,low
7.869978,0.975309,3,low
5.879344,0.111111,3,low
3.055343,0.958848,3,low
0.654441,0.012346,3,low
0.399061,0.341564,3,low
1.317115,0.160494,3,low
8.288179,0.954733,3,low
1.799780,0.983539,3,low
5.062418,0.086420,3,low
2.258263,0.967078,3,low
1.973828,0.584362,3,low
4.049195,0.925926,3,low
2.039403,0.156379,4,low
0.399061,0.008230,4,low
1.838723,0.016461,4,low
2.023740,0.576132,4,low
11.419105,0.967078,4,low
7.869978,0.946502,4,low
5.879344,0.037037,4,low
3.055343,0.925926,4,low
0.654441,0.012346,4,low
0.494445,0.320988,4,low
1.317115,0.119342,4,low
8.288179,0.938272,4,low
1.799780,0.962963,4,low
5.062418,0.049383,4,low
2.258263,0.946502,4,low
1.973828,0.576132,4,low
4.049195,0.897119,4,low
1.641032,0.971193,2,low
2.749616,0.037037,2,low
10.224609,0.971193,2,low
0.288945,0.000000,2,low
3.433529,0.995885,2,low
1.166999,0.522634,2,low
1.641032,0.868313,3,low
2.749616,0.016461,3,low
10.224609,0.909465,3,low
0.288945,0.000000,3,low
3.433529,0.967078,3,low
1.391213,0.078189,3,low
1.166999,0.493827,3,low
1.641032,0.851852,4,low
2.749616,0.000000,4,low
10.224609,0.872428,4,low
0.288945,0.000000,4,low
3.433529,0.967078,4,low
1.391213,0.057613,4,low
1.166999,0.485597,4,low
15.236397,0.864198,2,low
1.456160,0.037037,2,low
42.632033,0.983539,2,low
11.560896,0.806584,2,low
6.174967,0.971193,2,low
2.386705,0.395062,2,low
41.382552,0.860082,2,low
0.489610,0.020576,2,low
28.764149,0.987654,2,low
1.858650,0.193416,2,low
31.024468,0.942387,2,low
1.691971,0.954733,2,low
41.529248,0.617284,2,low
0.783113,0.004115,2,low
14.645274,0.876543,2,low
2.099528,0.962963,2,low
0.884016,0.004115,2,low
36.230336,0.728395,2,low
0.725458,0.032922,2,low
38.102153,0.893004,2,low
5.493882,0.411523,2,low
3.864613,0.283951,2,low
28.019955,0.847737,2,low
7.236574,0.991770,2,low
4.209410,0.975309,2,low
6.029447,0.255144,3,low
0.249006,0.008230,3,low
2.838378,0.962963,3,low
8.338146,0.823045,3,low
0.489610,0.004115,3,low
8.484842,0.613169,3,low
0.884016,0.004115,3,low
1.519237,0.263374,3,low
0.725458,0.020576,3,low
5.057747,0.510288,3,low
6.062931,0.897119,3,low
5.493882,0.349794,3,low
3.864613,0.090535,3,low
10.378884,0.835391,3,low
0.783113,0.000000,3,low
3.573997,0.209877,3,low
2.099528,0.045267,3,low
2.612324,0.395062,3,low
5.262331,0.991770,3,low
7.290216,0.008230,3,low
1.456160,0.020576,3,low
3.815517,0.897119,3,low
1.173970,0.037037,3,low
6.174967,0.810700,3,low
2.386705,0.263374,3,low
11.123077,0.872428,3,low
2.098072,0.037037,3,low
1.858650,0.053498,3,low
4.292143,0.847737,3,low
1.691971,0.888889,3,low
2.244424,0.008230,3,low
18.250872,0.353909,3,low
4.594000,0.991770,3,low
1.776817,0.106996,3,low
3.240827,0.041152,3,low
4.150105,0.983539,3,low
9.992911,0.724280,3,low
7.236574,0.958848,3,low
14.645274,0.662551,3,low
1.989036,0.925926,3,low
3.379810,0.106996,3,low
11.560896,0.707819,3,low
0.891254,0.106996,3,low
15.236397,0.193416,3,low
5.981782,0.547325,3,low
1.519237,0.004115,4,low
1.846923,0.032922,4,low
0.249006,0.004115,4,low
2.838378,0.954733,4,low
0.419055,0.000000,4,low
23.686519,0.000000,4,low
0.489610,0.000000,4,low
8.484842,0.580247,4,low
5.363214,0.032922,4,low
0.884016,0.000000,4,low
3.493245,0.032922,4,low
0.725458,0.008230,4,low
5.057747,0.213992,4,low
6.062931,0.880658,4,low
5.493882,0.127572,4,low
3.864613,0.061728,4,low
1.745718,0.164609,4,low
10.378884,0.814815,4,low
0.783113,0.000000,4,low
3.573997,0.127572,4,low
2.099528,0.004115,4,low
2.612324,0.024691,4,low
5.262331,0.967078,4,low
7.290216,0.000000,4,low
1.456160,0.020576,4,low
11.266490,0.860082,4,low
3.815517,0.835391,4,low
1.173970,0.032922,4,low
6.174967,0.798354,4,low
2.386705,0.255144,4,low
1.501328,0.074074,4,low
11.123077,0.843621,4,low
2.098072,0.024691,4,low
1.858650,0.020576,4,low
4.292143,0.818930,4,low
1.691971,0.810700,4,low
2.244424,0.008230,4,low
18.250872,0.230453,4,low
4.594000,0.946502,4,low
1.776817,0.102881,4,low
5.999444,0.189300,4,low
3.240827,0.004115,4,low
4.150105,0.954733,4,low
9.992911,0.699588,4,low
11.321952,0.395062,4,low
7.236574,0.946502,4,low
14.645274,0.633745,4,low
1.989036,0.897119,4,low
3.379810,0.020576,4,low
11.560896,0.683128,4,low
0.891254,0.086420,4,low
6.517279,0.057613,4,low
5.981782,0.506173,4,low
1.829707,1.000000,2,low
3.635249,1.000000,2,low
8.465131,1.000000,2,low
0.617681,0.032922,2,low
1.448168,0.238683,2,low
1.263273,0.946502,2,low
6.820469,0.987654,2,low
1.829707,0.995885,3,low
3.635249,0.979424,3,low
8.465131,0.950617,3,low
0.617681,0.020576,3,low
1.448168,0.218107,3,low
1.263273,0.938272,3,low
6.820469,0.975309,3,low
1.088213,0.032922,3,low
1.829707,0.991770,4,low
2.839549,0.872428,4,low
0.782001,0.000000,4,low
3.635249,0.942387,4,low
8.465131,0.950617,4,low
0.617681,0.012346,4,low
1.448168,0.205761,4,low
1.263273,0.925926,4,low
6.820469,0.962963,4,low
1.088213,0.024691,4,low
4.322305,0.181070,2,low
10.852743,1.000000,2,low
4.678583,0.995885,2,low
9.774830,0.847737,3,low
4.322305,0.053498,3,low
10.852743,0.958848,3,low
4.678583,0.967078,3,low
9.774830,0.839506,4,low
4.322305,0.012346,4,low
10.852743,0.946502,4,low
4.678583,0.958848,4,low
10.282464,0.695473,4,low
10.212994,0.872428,4,low
4.856387,0.954733,2,low
4.682186,0.864198,2,low
2.483585,0.909465,2,low
8.109463,0.901235,2,low
6.376415,0.588477,2,low
5.060477,0.975309,2,low
1.286900,0.893004,2,low
1.225419,0.456790,2,low
4.856387,0.905350,3,low
1.479577,0.950617,3,low
1.286900,0.144033,3,low
4.682186,0.827160,3,low
7.338049,0.962963,3,low
4.481980,0.979424,3,low
2.483585,0.473251,3,low
5.027457,0.958848,3,low
8.109463,0.465021,3,low
6.376415,0.580247,3,low
5.060477,0.942387,3,low
9.488104,0.995885,3,low
15.859964,0.230453,3,low
1.225419,0.436214,3,low
3.496805,0.831276,4,low
1.479577,0.950617,4,low
1.286900,0.106996,4,low
15.390577,0.950617,4,low
4.682186,0.786008,4,low
7.338049,0.938272,4,low
4.481980,0.958848,4,low
2.483585,0.473251,4,low
5.027457,0.946502,4,low
8.109463,0.465021,4,low
6.376415,0.572016,4,low
3.700894,0.880658,4,low
1.903493,0.469136,4,low
9.488104,0.987654,4,low
15.859964,0.209877,4,low
1.225419,0.432099,4,low
9.238899,0.995885,2,low
1.649885,0.037037,2,low
4.750528,0.572016,2,low
9.344039,0.641975,2,low
3.295143,0.950617,2,low
2.912230,0.967078,2,low
13.053773,0.699588,2,low
1.385596,0.189300,2,low
16.764824,0.028807,2,low
8.666563,0.983539,2,low
5.981926,0.921811,2,low
4.536910,0.876543,2,low
2.118387,0.971193,2,low
0.842119,0.119342,2,low
6.342855,0.975309,2,low
2.718128,0.123457,2,low
3.859483,0.255144,2,low
2.496959,0.925926,2,low
4.293400,0.008230,3,low
2.348904,0.008230,3,low
5.309639,0.275720,3,low
8.645092,0.950617,3,low
1.649885,0.004115,3,low
4.750528,0.539095,3,low
9.148876,0.967078,3,low
2.128975,0.485597,3,low
1.758167,0.094650,3,low
2.912230,0.954733,3,low
2.838465,0.069959,3,low
0.842119,0.078189,3,low
2.609810,0.864198,3,low
3.129837,0.456790,3,low
13.053773,0.049383,3,low
5.981926,0.699588,3,low
1.411565,0.238683,3,low
6.482498,0.156379,3,low
3.880431,0.226337,3,low
7.239313,0.000000,3,low
1.385596,0.148148,3,low
3.859483,0.090535,3,low
8.072756,0.946502,3,low
2.496959,0.432099,3,low
6.614959,0.942387,3,low
6.828583,0.650206,3,low
4.536910,0.876543,3,low
7.350769,0.008230,3,low
6.342855,0.716049,3,low
2.118387,0.238683,3,low
0.743060,0.222222,3,low
2.718128,0.102881,3,low
5.640440,0.094650,3,low
4.293400,0.000000,4,low
2.348904,0.008230,4,low
5.309639,0.263374,4,low
8.645092,0.901235,4,low
3.624955,0.835391,4,low
1.649885,0.000000,4,low
17.945139,0.267490,4,low
9.148876,0.962963,4,low
2.128975,0.469136,4,low
1.758167,0.090535,4,low
2.912230,0.316872,4,low
2.838465,0.037037,4,low
0.842119,0.074074,4,low
4.651573,0.790123,4,low
2.609810,0.835391,4,low
3.129837,0.444444,4,low
13.053773,0.024691,4,low
4.426135,0.646091,4,low
7.376162,0.329218,4,low
16.069549,0.074074,4,low
1.411565,0.234568,4,low
6.482498,0.078189,4,low
3.880431,0.226337,4,low
8.639281,0.024691,4,low
7.239313,0.000000,4,low
1.385596,0.148148,4,low
3.859483,0.049383,4,low
8.072756,0.419753,4,low
4.161129,0.329218,4,low
2.496959,0.415638,4,low
6.614959,0.930041,4,low
6.828583,0.555556,4,low
4.536910,0.851852,4,low
7.350769,0.008230,4,low
6.342855,0.695473,4,low
2.118387,0.234568,4,low
0.743060,0.028807,4,low
4.750528,0.069959,4,low
2.718128,0.057613,4,low
5.640440,0.090535,4,low
1.181309,0.053498,2,low
1.194538,0.069959,2,low
1.730690,0.057613,2,low
4.734219,0.065844,2,low
5.216945,0.995885,2,low
3.821717,0.987654,2,low
7.512787,0.205761,2,low
1.255649,0.024691,2,low
3.706912,0.991770,2,low
4.871058,1.000000,2,low
5.010579,0.995885,2,low
4.162237,0.156379,2,low
4.707307,0.123457,2,low
6.700632,0.921811,2,low
1.311449,0.362140,2,low
0.479588,0.004115,3,low
1.181309,0.053498,3,low
1.194538,0.041152,3,low
1.730690,0.032922,3,low
6.793430,0.921811,3,low
4.734219,0.065844,3,low
5.520303,0.020576,3,low
5.216945,0.958848,3,low
3.821717,0.987654,3,low
1.809256,0.094650,3,low
8.373074,0.983539,3,low
7.512787,0.193416,3,low
1.255649,0.016461,3,low
3.706912,0.987654,3,low
7.611169,0.901235,3,low
4.871058,0.962963,3,low
5.010579,0.971193,3,low
4.162237,0.152263,3,low
4.707307,0.115226,3,low
6.700632,0.893004,3,low
5.770123,0.650206,3,low
1.019320,0.065844,3,low
4.626669,0.909465,3,low
0.479588,0.000000,4,low
1.181309,0.049383,4,low
1.194538,0.016461,4,low
7.248079,0.049383,4,low
3.209560,0.967078,4,low
1.730690,0.008230,4,low
6.793430,0.909465,4,low
4.734219,0.065844,4,low
5.520303,0.020576,4,low
5.216945,0.921811,4,low
3.821717,0.971193,4,low
8.373074,0.975309,4,low
7.512787,0.185185,4,low
1.255649,0.008230,4,low
3.706912,0.971193,4,low
7.611169,0.868313,4,low
4.871058,0.946502,4,low
5.010579,0.962963,4,low
1.809256,0.061728,4,low
4.162237,0.152263,4,low
4.707307,0.115226,4,low
6.700632,0.876543,4,low
5.770123,0.650206,4,low
1.019320,0.053498,4,low
4.626669,0.905350,4,low
0.781744,0.000000,2,low
8.064116,0.995885,2,low
9.706657,0.995885,2,low
6.617929,1.000000,2,low
2.106315,0.493827,2,low
4.157212,0.049383,2,low
0.493580,0.008230,2,low
0.781744,0.000000,3,low
8.064116,0.987654,3,low
9.706657,0.987654,3,low
6.617929,0.991770,3,low
2.106315,0.485597,3,low
4.157212,0.037037,3,low
0.493580,0.000000,3,low
5.701419,0.991770,3,low
0.781744,0.000000,4,low
8.064116,0.987654,4,low
9.706657,0.983539,4,low
6.617929,0.831276,4,low
2.106315,0.382716,4,low
4.157212,0.028807,4,low
0.493580,0.000000,4,low
5.701419,0.991770,4,low
12.017771,0.987654,4,low
16.839356,0.995885,2,low
0.576878,0.016461,2,low
1.721407,0.362140,2,low
0.468039,0.000000,2,low
0.138577,0.024691,2,low
1.794285,0.325103,2,low
5.193467,0.901235,2,low
16.839356,0.942387,3,low
0.576878,0.004115,3,low
18.952050,0.275720,3,low
1.426708,0.950617,3,low
1.405799,0.020576,3,low
4.803461,0.987654,3,low
2.062679,0.144033,3,low
1.721407,0.325103,3,low
0.468039,0.000000,3,low
0.138577,0.008230,3,low
2.892106,0.897119,3,low
1.794285,0.316872,3,low
3.350321,0.818930,3,low
4.822867,0.979424,3,low
2.000674,0.987654,3,low
3.756463,0.209877,3,low
16.839356,0.930041,4,low
0.576878,0.000000,4,low
18.952050,0.251029,4,low
1.426708,0.823045,4,low
0.822594,0.016461,4,low
1.405799,0.008230,4,low
4.803461,0.979424,4,low
2.062679,0.144033,4,low
1.721407,0.296296,4,low
0.468039,0.000000,4,low
0.138577,0.008230,4,low
2.892106,0.876543,4,low
1.794285,0.312757,4,low
3.350321,0.794239,4,low
4.822867,0.950617,4,low
2.000674,0.979424,4,low
3.756463,0.189300,4,low
4.636623,0.917695,2,low
4.048941,0.860082,2,low
1.986560,0.975309,2,low
1.005870,0.061728,2,low
9.484314,0.000000,2,low
7.908427,0.991770,2,low
6.413233,0.798354,2,low
1.420886,0.995885,2,low
3.918272,0.921811,2,low
2.486619,0.934156,3,low
4.199599,0.427984,3,low
1.042406,0.004115,3,low
0.645277,0.580247,3,low
4.048941,0.794239,3,low
10.979192,0.971193,3,low
1.986560,0.938272,3,low
5.414612,0.481481,3,low
2.575954,0.000000,3,low
1.005870,0.057613,3,low
4.809531,0.000000,3,low
7.908427,0.913580,3,low
4.636623,0.242798,3,low
2.223060,0.967078,3,low
1.420886,0.650206,3,low
3.918272,0.864198,3,low
11.101253,0.934156,3,low
0.978105,0.975309,3,low
2.486619,0.909465,4,low
4.199599,0.419753,4,low
1.042406,0.000000,4,low
0.645277,0.572016,4,low
4.048941,0.744856,4,low
10.979192,0.958848,4,low
1.986560,0.913580,4,low
5.414612,0.444444,4,low
2.575954,0.000000,4,low
6.720410,0.905350,4,low
4.809531,0.000000,4,low
1.005870,0.008230,4,low
4.155706,0.765432,4,low
3.965991,0.798354,4,low
4.636623,0.213992,4,low
2.223060,0.950617,4,low
1.420886,0.629630,4,low
3.918272,0.847737,4,low
11.101253,0.897119,4,low
0.978105,0.950617,4,low
2.036250,0.041152,2,low
6.840332,1.000000,2,low
1.688917,0.884774,2,low
5.892435,0.991770,2,low
1.407951,0.028807,2,low
7.000182,0.950617,3,low
1.197517,0.016461,3,low
5.120065,1.000000,3,low
5.699634,0.983539,3,low
2.036250,0.020576,3,low
1.928012,0.004115,3,low
1.688917,0.876543,3,low
5.892435,0.979424,3,low
1.407951,0.012346,3,low
2.931315,0.962963,3,low
0.421722,0.000000,4,low
7.000182,0.921811,4,low
1.197517,0.008230,4,low
5.120065,1.000000,4,low
5.699634,0.983539,4,low
2.036250,0.020576,4,low
1.928012,0.000000,4,low
1.688917,0.823045,4,low
5.892435,0.971193,4,low
1.407951,0.004115,4,low
2.931315,0.950617,4,low
1.461211,0.296296,2,low
0.986855,0.222222,2,low
0.691765,0.086420,2,low
0.843231,0.008230,2,low
2.147244,0.744856,2,low
2.693756,0.962963,2,low
0.708318,0.016461,2,low
1.578750,0.987654,2,low
6.387746,0.567901,2,low
2.981677,0.399177,2,low
1.094198,0.979424,2,low
0.834636,0.617284,2,low
0.309646,0.345679,2,low
0.956889,0.016461,2,low
3.046640,0.757202,2,low
2.514342,0.378601,2,low
0.383883,0.308642,2,low
1.629559,0.411523,2,low
0.841566,0.559671,2,low
1.461211,0.288066,3,low
0.986855,0.119342,3,low
0.691765,0.065844,3,low
0.843231,0.008230,3,low
2.308540,0.094650,3,low
1.141120,0.234568,3,low
0.708318,0.008230,3,low
1.578750,0.913580,3,low
1.014483,0.045267,3,low
1.094198,0.967078,3,low
0.834636,0.045267,3,low
0.222680,0.016461,3,low
3.046640,0.679012,3,low
1.328277,0.094650,3,low
0.841566,0.502058,3,low
0.309646,0.000000,3,low
2.147244,0.687243,3,low
2.555039,0.526749,3,low
2.693756,0.946502,3,low
2.030884,0.028807,3,low
0.290777,0.004115,3,low
0.878993,0.069959,3,low
6.188237,0.209877,3,low
1.510731,0.086420,3,low
6.390065,0.316872,3,low
1.170475,0.000000,3,low
0.779898,0.004115,3,low
0.776334,0.000000,3,low
1.680751,0.102881,3,low
0.956889,0.000000,3,low
0.383883,0.032922,3,low
1.629559,0.325103,3,low
1.461211,0.259259,4,low
0.986855,0.106996,4,low
0.691765,0.065844,4,low
2.884191,0.452675,4,low
0.843231,0.008230,4,low
3.574335,0.090535,4,low
1.721119,0.020576,4,low
1.141120,0.197531,4,low
0.708318,0.004115,4,low
1.578750,0.884774,4,low
1.014483,0.008230,4,low
0.251967,0.000000,4,low
1.094198,0.954733,4,low
0.834636,0.008230,4,low
0.222680,0.012346,4,low
1.113912,0.481481,4,low
1.328277,0.008230,4,low
0.841566,0.053498,4,low
0.309646,0.000000,4,low
0.972442,0.041152,4,low
1.822554,0.012346,4,low
2.693756,0.925926,4,low
2.030884,0.008230,4,low
0.290777,0.000000,4,low
0.878993,0.012346,4,low
0.362062,0.020576,4,low
2.762014,0.156379,4,low
1.510731,0.020576,4,low
2.963842,0.074074,4,low
1.170475,0.000000,4,low
0.779898,0.004115,4,low
2.555039,0.497942,4,low
0.776334,0.000000,4,low
1.680751,0.000000,4,low
0.956889,0.000000,4,low
1.353472,0.160494,4,low
0.383883,0.012346,4,low
1.629559,0.292181,4,low
2.704831,0.662551,2,low
7.802801,0.596708,2,low
8.463215,0.016461,2,low
1.488122,0.716049,2,low
2.836946,0.139918,2,low
4.087156,0.954733,2,low
3.650628,0.979424,2,low
4.638724,0.991770,2,low
4.059255,0.979424,2,low
3.275789,0.991770,2,low
7.479630,0.436214,2,low
7.180558,1.000000,2,low
1.975567,0.798354,3,low
7.479630,0.283951,3,low
2.704831,0.506173,3,low
0.706077,0.069959,3,low
8.463215,0.016461,3,low
1.488122,0.341564,3,low
7.418870,0.028807,3,low
1.927404,0.065844,3,low
6.723674,0.316872,3,low
3.589995,0.613169,3,low
2.836946,0.016461,3,low
4.087156,0.115226,3,low
7.564723,0.316872,3,low
4.938319,0.094650,3,low
3.650628,0.958848,3,low
5.515067,0.271605,3,low
4.638724,0.860082,3,low
0.338368,0.032922,3,low
4.059255,0.473251,3,low
7.293303,0.962963,3,low
2.323113,0.864198,3,low
4.191762,0.111111,3,low
7.180558,0.975309,3,low
7.802801,0.016461,3,low
9.023403,0.460905,3,low
1.975567,0.781893,4,low
2.319174,0.304527,4,low
6.368238,0.094650,4,low
6.473855,0.057613,4,low
2.224090,0.485597,4,low
0.706077,0.012346,4,low
8.463215,0.016461,4,low
1.488122,0.320988,4,low
3.434694,0.061728,4,low
8.363247,0.748971,4,low
1.927404,0.041152,4,low
6.723674,0.312757,4,low
3.134481,0.049383,4,low
7.564723,0.304527,4,low
4.938319,0.090535,4,low
3.129412,0.016461,4,low
7.568872,0.962963,4,low
2.323113,0.629630,4,low
7.802801,0.000000,4,low
0.338368,0.008230,4,low
7.418870,0.016461,4,low
3.589995,0.432099,4,low
2.836946,0.016461,4,low
5.515067,0.267490,4,low
4.638724,0.740741,4,low
0.788460,0.024691,4,low
3.778966,0.004115,4,low
6.287527,0.954733,4,low
1.101330,0.094650,4,low
4.191762,0.102881,4,low
7.180558,0.946502,4,low
3.650628,0.012346,4,low
8.017627,0.444444,4,low
1.340480,0.979424,2,low
4.229021,1.000000,2,low
2.926740,0.991770,2,low
1.362958,0.176955,2,low
0.488956,0.020576,2,low
3.805217,0.711934,2,low
1.340480,0.946502,3,low
0.838668,0.814815,3,low
3.401487,0.971193,3,low
2.751059,0.975309,3,low
3.081000,0.930041,3,low
0.645022,0.045267,3,low
4.229021,0.880658,3,low
2.926740,0.983539,3,low
1.362958,0.115226,3,low
0.488956,0.016461,3,low
0.372425,0.004115,3,low
3.296870,0.699588,3,low
1.340480,0.934156,4,low
0.838668,0.802469,4,low
1.334608,0.041152,4,low
3.401487,0.958848,4,low
2.751059,0.946502,4,low
1.552272,0.020576,4,low
0.645022,0.028807,4,low
4.229021,0.765432,4,low
2.926740,0.979424,4,low
1.362958,0.094650,4,low
0.488956,0.016461,4,low
2.318968,0.012346,4,low
0.372425,0.004115,4,low
3.296870,0.691358,4,low
3.074313,0.946502,2,low
0.676459,0.106996,2,low
3.652978,0.991770,2,low
3.074313,0.897119,3,low
0.676459,0.074074,3,low
3.652978,0.893004,3,low
1.073913,0.444444,3,low
6.830954,0.633745,3,low
2.332715,0.975309,4,low
3.074313,0.893004,4,low
0.676459,0.045267,4,low
3.652978,0.872428,4,low
1.073913,0.440329,4,low
4.420768,0.378601,4,low
2.474023,0.934156,4,low
3.622612,0.991770,2,low
2.781693,0.197531,2,low
2.158468,0.024691,2,low
3.822140,0.979424,3,low
3.622612,0.987654,3,low
2.781693,0.176955,3,low
2.158468,0.020576,3,low
3.822140,0.971193,4,low
3.622612,0.983539,4,low
1.144695,0.000000,4,low
2.781693,0.135802,4,low
2.158468,0.008230,4,low
3.188244,0.954733,2,low
3.261318,1.000000,2,low
2.095076,0.399177,2,low
1.532539,0.016461,2,low
5.660630,1.000000,2,low
1.790549,0.016461,2,low
3.188244,0.485597,3,low
3.261318,0.987654,3,low
2.095076,0.378601,3,low
1.532539,0.000000,3,low
5.660630,1.000000,3,low
2.398699,0.798354,3,low
22.065230,0.975309,3,low
1.790549,0.000000,3,low
3.188244,0.481481,4,low
3.261318,0.967078,4,low
2.095076,0.366255,4,low
6.398491,0.802469,4,low
5.660630,0.802469,4,low
1.532539,0.000000,4,low
2.398699,0.748971,4,low
22.065230,0.967078,4,low
1.790549,0.000000,4,low
1.779672,0.201646,2,low
1.874363,0.181070,2,low
0.406152,0.016461,2,low
3.480857,0.995885,2,low
2.007431,1.000000,2,low
1.375628,0.814815,3,low
1.412883,0.049383,3,low
1.779672,0.164609,3,low
1.783060,0.012346,3,low
3.252623,0.592593,3,low
2.127551,0.102881,3,low
0.910635,0.234568,3,low
1.874363,0.041152,3,low
0.639446,0.024691,3,low
3.795752,0.954733,3,low
1.921930,0.621399,3,low
1.785096,0.000000,3,low
0.406152,0.004115,3,low
3.480857,0.913580,3,low
0.371685,0.008230,3,low
2.007431,0.950617,3,low
1.719207,0.946502,3,low
1.375628,0.798354,4,low
1.412883,0.024691,4,low
1.779672,0.049383,4,low
1.783060,0.000000,4,low
3.252623,0.580247,4,low
2.127551,0.086420,4,low
0.910635,0.185185,4,low
1.874363,0.020576,4,low
0.639446,0.020576,4,low
3.795752,0.790123,4,low
1.921930,0.555556,4,low
1.785096,0.000000,4,low
1.201808,0.786008,4,low
0.406152,0.004115,4,low
3.480857,0.901235,4,low
0.371685,0.008230,4,low
2.007431,0.917695,4,low
1.719207,0.921811,4,low
2.318631,0.897119,2,low
0.360190,0.020576,2,low
2.318631,0.843621,3,low
0.360190,0.008230,3,low
3.204185,0.979424,3,low
2.318631,0.596708,4,low
0.360190,0.004115,4,low
3.204185,0.962963,4,low
1.875116,0.386831,4,low
2.929833,1.000000,2,low
0.614941,0.000000,2,low
7.751718,0.995885,2,low
4.916176,0.489712,2,low
3.305439,0.670782,2,low
6.529158,0.004115,2,low
1.808707,0.991770,2,low
4.681498,1.000000,2,low
9.540208,0.090535,2,low
2.325090,0.962963,2,low
0.455930,0.000000,2,low
1.879536,0.995885,2,low
2.929833,0.983539,3,low
0.614941,0.000000,3,low
1.313755,0.012346,3,low
4.916176,0.481481,3,low
3.305439,0.563786,3,low
6.529158,0.000000,3,low
0.824039,0.020576,3,low
7.534001,0.810700,3,low
3.031137,0.987654,3,low
13.306070,0.720165,3,low
1.808707,0.983539,3,low
6.571145,0.012346,3,low
4.681498,0.983539,3,low
9.540208,0.074074,3,low
2.325090,0.946502,3,low
0.455930,0.000000,3,low
1.879536,0.967078,3,low
2.929833,0.979424,4,low
0.614941,0.000000,4,low
1.313755,0.008230,4,low
4.916176,0.473251,4,low
3.305439,0.395062,4,low
6.529158,0.000000,4,low
20.067562,0.012346,4,low
0.824039,0.008230,4,low
7.534001,0.790123,4,low
3.031137,0.979424,4,low
11.314530,0.024691,4,low
5.172578,0.621399,4,low
13.306070,0.662551,4,low
2.739189,0.008230,4,low
0.840805,0.000000,4,low
1.808707,0.983539,4,low
6.571145,0.008230,4,low
4.681498,0.983539,4,low
5.872345,0.855967,4,low
4.580687,0.024691,4,low
2.325090,0.934156,4,low
0.455930,0.000000,4,low
1.879536,0.946502,4,low
3.672940,0.983539,2,low
3.400413,0.967078,2,low
2.440106,0.995885,2,low
0.894909,0.925926,2,low
0.874468,0.156379,2,low
3.672940,0.662551,3,low
3.400413,0.962963,3,low
0.641655,0.530864,3,low
2.440106,0.818930,3,low
0.894909,0.674897,3,low
1.677269,0.633745,3,low
0.874468,0.053498,3,low
0.803114,0.012346,3,low
3.672940,0.629630,4,low
3.400413,0.925926,4,low
0.641655,0.506173,4,low
2.440106,0.744856,4,low
0.894909,0.572016,4,low
1.677269,0.621399,4,low
0.286807,0.012346,4,low
0.874468,0.024691,4,low
0.803114,0.012346,4,low
1.154694,0.617284,2,low
2.068579,0.967078,2,low
3.294155,0.152263,2,low
5.912418,0.991770,2,low
1.821758,0.172840,2,low
3.649545,0.037037,2,low
4.907570,0.465021,2,low
3.401363,0.765432,2,low
1.242414,0.061728,2,low
2.044254,0.967078,2,low
1.482150,0.008230,2,low
1.717041,0.057613,2,low
2.759469,0.971193,2,low
5.614642,0.979424,2,low
6.051499,0.658436,2,low
7.070664,0.637860,2,low
3.380327,0.020576,2,low
5.380295,0.456790,2,low
6.102580,0.979424,2,low
7.798688,0.983539,2,low
1.190214,0.263374,2,low
3.035357,0.613169,2,low
1.154694,0.378601,3,low
2.068579,0.901235,3,low
3.192810,0.794239,3,low
3.649545,0.037037,3,low
3.861299,0.255144,3,low
3.937735,0.251029,3,low
3.069478,0.320988,3,low
1.242414,0.053498,3,low
1.717041,0.057613,3,low
2.480457,0.637860,3,low
7.070664,0.469136,3,low
3.380327,0.000000,3,low
2.626120,0.329218,3,low
3.744359,0.362140,3,low
5.617386,0.773663,3,low
1.755617,0.296296,3,low
1.190214,0.139918,3,low
3.035357,0.547325,3,low
2.759469,0.847737,3,low
0.862485,0.069959,3,low
3.294155,0.094650,3,low
5.912418,0.839506,3,low
2.218534,0.954733,3,low
3.271634,0.440329,3,low
3.401363,0.559671,3,low
1.821758,0.012346,3,low
1.127354,0.843621,3,low
0.902457,0.213992,3,low
1.622256,0.000000,3,low
2.044254,0.773663,3,low
2.384491,0.958848,3,low
0.454610,0.000000,3,low
5.614642,0.962963,3,low
8.154925,0.000000,3,low
2.505377,0.181070,3,low
6.102580,0.897119,3,low
5.923794,0.300412,3,low
1.154694,0.152263,4,low
4.142264,0.144033,4,low
1.966305,0.703704,4,low
2.068579,0.794239,4,low
3.192810,0.740741,4,low
2.208831,0.444444,4,low
3.649545,0.000000,4,low
3.861299,0.168724,4,low
2.961916,0.020576,4,low
3.937735,0.106996,4,low
3.069478,0.106996,4,low
6.580679,0.123457,4,low
1.242414,0.000000,4,low
7.174604,0.658436,4,low
1.127054,0.020576,4,low
1.717041,0.024691,4,low
2.480457,0.617284,4,low
3.093050,0.156379,4,low
3.380327,0.000000,4,low
1.842732,0.045267,4,low
0.659112,0.032922,4,low
5.055078,0.160494,4,low
1.649934,0.127572,4,low
0.278997,0.000000,4,low
1.755617,0.197531,4,low
1.190214,0.090535,4,low
3.035357,0.283951,4,low
0.902457,0.078189,4,low
2.759469,0.777778,4,low
0.908188,0.000000,4,low
0.862485,0.024691,4,low
3.294155,0.045267,4,low
5.912418,0.600823,4,low
2.218534,0.925926,4,low
3.271634,0.407407,4,low
1.214591,0.502058,4,low
1.821758,0.000000,4,low
2.368367,0.012346,4,low
1.127354,0.135802,4,low
1.622256,0.000000,4,low
2.044254,0.592593,4,low
2.384491,0.905350,4,low
4.100961,0.028807,4,low
0.454610,0.000000,4,low
3.674852,0.958848,4,low
8.154925,0.000000,4,low
2.505377,0.086420,4,low
3.045027,0.753086,4,low
2.377106,0.032922,4,low
4.343391,0.333333,4,low
5.923794,0.168724,4,low
2.457450,0.004115,4,low
11.748059,1.000000,2,low
3.435804,0.370370,2,low
21.916676,0.983539,2,low
8.500341,0.962963,2,low
24.873705,0.868313,2,low
23.749399,1.000000,2,low
23.909238,0.995885,2,low
23.749399,0.629630,3,low
11.242586,0.082305,3,low
1.229692,0.012346,3,low
16.429247,0.979424,3,low
3.294297,0.111111,3,low
11.748059,0.868313,3,low
21.456393,0.979424,3,low
3.435804,0.020576,3,low
10.983170,0.275720,3,low
22.817963,0.572016,3,low
21.916676,0.666667,3,low
8.500341,0.934156,3,low
1.055522,0.004115,3,low
4.408147,0.004115,3,low
24.873705,0.193416,3,low
10.928236,0.131687,3,low
15.127625,0.983539,3,low
9.722845,0.238683,3,low
24.984398,0.798354,3,low
22.924381,0.971193,3,low
10.832874,0.037037,3,low
7.302541,0.061728,4,low
1.229692,0.004115,4,low
16.429247,0.975309,4,low
3.294297,0.111111,4,low
25.119113,0.008230,4,low
11.748059,0.843621,4,low
3.435804,0.016461,4,low
21.456393,0.962963,4,low
10.983170,0.176955,4,low
22.817963,0.563786,4,low
21.916676,0.658436,4,low
8.500341,0.925926,4,low
1.055522,0.004115,4,low
4.408147,0.000000,4,low
24.873705,0.172840,4,low
10.928236,0.098765,4,low
15.127625,0.975309,4,low
6.689550,0.197531,4,low
24.984398,0.744856,4,low
22.924381,0.967078,4,low
10.832874,0.028807,4,low
23.749399,0.102881,4,low
9.716540,0.008230,2,low
25.266519,0.465021,2,low
2.300391,0.012346,2,low
6.286062,1.000000,2,low
18.203190,0.386831,2,low
1.039133,0.123457,2,low
0.803122,0.991770,2,low
7.861566,0.938272,2,low
9.716540,0.008230,3,low
11.058976,0.975309,3,low
25.266519,0.465021,3,low
2.300391,0.012346,3,low
25.751078,0.662551,3,low
6.286062,0.987654,3,low
18.203190,0.255144,3,low
1.039133,0.102881,3,low
0.803122,0.975309,3,low
5.100624,0.670782,3,low
9.716540,0.008230,4,low
11.058976,0.975309,4,low
16.958151,0.460905,4,low
2.300391,0.008230,4,low
25.751078,0.646091,4,low
6.286062,0.987654,4,low
13.430293,0.263374,4,low
1.039133,0.090535,4,low
0.803122,0.971193,4,low
18.203190,0.111111,4,low
5.100624,0.641975,4,low
2.937511,0.802469,2,low
4.343151,0.995885,2,low
5.932498,0.572016,2,low
5.894132,1.000000,2,low
2.975077,0.024691,2,low
3.638392,0.934156,2,low
1.935782,0.983539,2,low
1.547606,0.111111,2,low
0.359562,0.090535,2,low
3.923478,0.975309,2,low
3.912376,0.995885,2,low
1.087818,0.831276,2,low
2.937511,0.691358,3,low
4.343151,0.921811,3,low
5.932498,0.456790,3,low
5.894132,0.658436,3,low
3.128810,0.584362,3,low
0.624466,0.086420,3,low
0.537146,0.024691,3,low
2.975077,0.012346,3,low
7.002006,0.971193,3,low
5.461270,0.979424,3,low
3.638392,0.901235,3,low
1.935782,0.818930,3,low
3.912376,0.967078,3,low
1.547606,0.065844,3,low
0.359562,0.045267,3,low
3.923478,0.567901,3,low
5.139210,0.860082,3,low
1.087818,0.818930,3,low
7.187018,0.958848,3,low
2.937511,0.646091,4,low
4.343151,0.888889,4,low
5.932498,0.407407,4,low
4.860907,0.625514,4,low
3.128810,0.481481,4,low
0.624466,0.024691,4,low
0.537146,0.000000,4,low
2.975077,0.004115,4,low
5.968781,0.938272,4,low
5.461270,0.962963,4,low
2.078557,0.930041,4,low
4.604259,0.547325,4,low
3.638392,0.884774,4,low
1.935782,0.806584,4,low
3.912376,0.938272,4,low
1.547606,0.053498,4,low
0.359562,0.032922,4,low
3.923478,0.497942,4,low
5.139210,0.452675,4,low
1.087818,0.818930,4,low
6.153793,0.950617,4,low
0.940640,0.193416,2,low
0.762746,0.090535,2,low
0.940640,0.185185,3,low
0.762746,0.028807,3,low
0.940640,0.181070,4,low
0.762746,0.020576,4,low
3.510530,0.016461,4,low
6.407291,0.995885,2,low
2.264355,0.946502,2,low
13.811166,0.012346,2,low
4.996898,1.000000,2,low
8.346201,0.995885,2,low
12.561739,0.995885,2,low
6.407291,0.991770,3,low
13.302759,0.016461,3,low
6.572757,0.967078,3,low
4.996898,0.362140,3,low
13.811166,0.012346,3,low
3.329205,0.818930,3,low
6.971884,0.493827,3,low
8.346201,0.950617,3,low
2.264355,0.897119,3,low
12.561739,0.975309,3,low
11.202265,0.275720,3,low
8.346201,0.020576,4,low
6.407291,0.967078,4,low
13.302759,0.016461,4,low
6.572757,0.962963,4,low
4.996898,0.345679,4,low
13.811166,0.012346,4,low
3.329205,0.814815,4,low
6.971884,0.481481,4,low
2.100993,0.020576,4,low
2.264355,0.884774,4,low
12.561739,0.958848,4,low
11.202265,0.255144,4,low
4.304261,0.897119,2,low
0.550368,0.008230,2,low
0.152989,0.012346,2,low
0.386510,0.049383,2,low
1.298913,0.917695,2,low
0.160074,0.000000,2,low
0.526822,0.493827,2,low
4.304261,0.777778,3,low
0.667608,0.041152,3,low
0.550368,0.008230,3,low
0.152989,0.008230,3,low
0.386510,0.041152,3,low
1.298913,0.901235,3,low
1.940655,0.481481,3,low
0.160074,0.000000,3,low
0.526822,0.353909,3,low
0.565256,0.078189,3,low
4.304261,0.769547,4,low
0.667608,0.037037,4,low
0.550368,0.008230,4,low
0.152989,0.008230,4,low
0.386510,0.004115,4,low
1.298913,0.876543,4,low
1.940655,0.465021,4,low
0.160074,0.000000,4,low
0.526822,0.329218,4,low
0.565256,0.061728,4,low
1.422582,0.156379,2,low
1.442212,0.312757,2,low
2.458590,0.975309,2,low
8.238437,0.094650,2,low
2.242678,0.995885,2,low
10.596820,0.983539,2,low
8.310723,0.823045,2,low
3.819378,0.716049,2,low
8.561781,0.477366,2,low
0.508189,0.098765,2,low
0.500101,0.008230,2,low
1.422582,0.057613,3,low
1.442212,0.292181,3,low
3.740063,0.370370,3,low
2.458590,0.123457,3,low
8.238437,0.069959,3,low
8.561781,0.242798,3,low
2.292948,0.119342,3,low
2.242678,0.971193,3,low
10.596820,0.962963,3,low
9.284741,0.637860,3,low
0.514510,0.000000,3,low
8.310723,0.757202,3,low
3.819378,0.176955,3,low
0.508189,0.074074,3,low
0.500101,0.000000,3,low
1.422582,0.037037,4,low
0.876157,0.008230,4,low
1.442212,0.279835,4,low
0.735429,0.074074,4,low
3.740063,0.358025,4,low
1.105624,0.008230,4,low
2.123954,0.222222,4,low
0.734107,0.041152,4,low
2.292948,0.012346,4,low
2.242678,0.962963,4,low
2.758897,0.786008,4,low
9.989338,0.008230,4,low
5.617021,0.514403,4,low
3.819378,0.078189,4,low
0.514510,0.000000,4,low
4.721926,0.629630,4,low
8.310723,0.744856,4,low
0.185333,0.004115,4,low
2.889527,0.065844,4,low
3.742426,0.024691,4,low
0.508189,0.065844,4,low
9.030086,0.555556,4,low
0.500101,0.000000,4,low
2.268071,0.263374,2,low
4.511918,0.979424,2,low
3.270934,1.000000,2,low
4.532962,0.987654,2,low
0.857879,0.098765,2,low
0.850031,0.251029,2,low
2.656847,0.000000,2,low
6.961308,0.901235,3,low
4.452386,0.563786,3,low
1.612956,0.000000,3,low
5.700230,0.765432,3,low
2.268071,0.209877,3,low
4.511918,0.934156,3,low
0.358198,0.024691,3,low
6.747498,0.901235,3,low
3.270934,0.905350,3,low
2.543066,0.000000,3,low
4.532962,0.958848,3,low
3.381817,0.794239,3,low
0.857879,0.024691,3,low
0.850031,0.213992,3,low
2.101201,0.987654,3,low
2.552288,0.946502,3,low
7.240757,0.950617,3,low
2.267348,0.864198,3,low
6.961308,0.880658,4,low
4.452386,0.547325,4,low
1.388959,0.000000,4,low
5.700230,0.748971,4,low
2.268071,0.004115,4,low
4.511918,0.872428,4,low
0.358198,0.020576,4,low
4.884983,0.979424,4,low
6.747498,0.888889,4,low
3.270934,0.888889,4,low
2.543066,0.000000,4,low
5.060098,0.028807,4,low
2.692871,0.695473,4,low
4.532962,0.679012,4,low
0.701451,0.000000,4,low
0.599965,0.008230,4,low
3.381817,0.773663,4,low
0.857879,0.004115,4,low
0.850031,0.209877,4,low
2.101201,0.962963,4,low
2.552288,0.938272,4,low
7.240757,0.876543,4,low
2.267348,0.761317,4,low
10.104149,0.995885,2,low
2.322471,0.366255,2,low
9.305130,1.000000,2,low
1.756907,1.000000,2,low
3.371163,0.049383,3,low
7.642239,0.995885,3,low
2.322471,0.329218,3,low
1.053944,0.024691,3,low
6.209336,0.942387,3,low
4.727683,0.983539,3,low
9.305130,0.979424,3,low
6.528758,0.987654,3,low
9.883217,0.901235,3,low
3.460251,0.061728,3,low
1.756907,0.818930,3,low
2.750244,0.979424,3,low
3.371163,0.045267,4,low
8.860694,0.925926,4,low
2.322471,0.279835,4,low
1.053944,0.004115,4,low
6.209336,0.938272,4,low
4.727683,0.975309,4,low
9.305130,0.962963,4,low
6.528758,0.979424,4,low
9.883217,0.897119,4,low
3.460251,0.061728,4,low
1.756907,0.814815,4,low
0.811147,0.012346,4,low
7.642239,0.016461,4,low
2.750244,0.979424,4,low
1.739473,0.987654,2,low
2.877626,0.979424,2,low
5.513038,0.987654,2,low
0.375400,0.016461,3,low
0.998390,0.078189,3,low
1.531568,0.094650,3,low
5.235023,0.913580,3,low
2.877626,0.958848,3,low
5.513038,0.732510,3,low
3.182468,0.962963,3,low
2.429733,0.201646,3,low
1.739473,0.506173,3,low
1.394476,0.004115,3,low
8.051120,0.810700,3,low
0.375400,0.008230,4,low
2.951825,0.802469,4,low
0.998390,0.041152,4,low
1.531568,0.069959,4,low
2.475417,0.000000,4,low
2.974693,0.814815,4,low
2.911088,0.008230,4,low
6.600499,0.000000,4,low
2.877626,0.946502,4,low
5.513038,0.534979,4,low
3.182468,0.950617,4,low
0.998983,0.041152,4,low
2.429733,0.176955,4,low
1.739473,0.193416,4,low
1.394476,0.000000,4,low
2.159226,0.485597,4,low
12.505036,0.687243,2,low
12.736898,0.028807,2,low
8.982951,0.493827,2,low
13.227042,0.971193,2,low
1.634900,0.979424,2,low
3.675594,1.000000,2,low
10.367741,0.958848,2,low
2.593447,0.106996,2,low
2.261846,0.946502,3,low
0.743635,0.000000,3,low
1.634900,0.300412,3,low
12.505036,0.629630,3,low
12.736898,0.024691,3,low
12.839589,0.979424,3,low
1.152527,0.979424,3,low
5.870301,0.975309,3,low
8.982951,0.316872,3,low
13.227042,0.942387,3,low
6.304405,0.320988,3,low
4.238910,0.954733,3,low
3.675594,0.411523,3,low
10.367741,0.950617,3,low
2.593447,0.074074,3,low
2.261846,0.909465,4,low
0.743635,0.000000,4,low
1.634900,0.283951,4,low
12.505036,0.333333,4,low
12.736898,0.024691,4,low
12.839589,0.979424,4,low
1.152527,0.115226,4,low
5.870301,0.962963,4,low
8.982951,0.115226,4,low
13.227042,0.925926,4,low
6.304405,0.308642,4,low
4.238910,0.930041,4,low
3.675594,0.399177,4,low
0.470070,0.008230,4,low
10.367741,0.008230,4,low
2.593447,0.065844,4,low
4.505537,0.888889,2,low
9.766161,0.567901,2,low
3.730205,0.325103,2,low
5.908587,0.777778,2,low
9.518971,0.991770,2,low
2.267467,0.962963,2,low
2.821576,0.094650,2,low
4.304330,1.000000,2,low
3.205253,0.152263,2,low
4.348996,0.991770,2,low
1.982528,0.946502,2,low
4.451389,0.139918,2,low
4.505537,0.835391,3,low
5.779676,0.139918,3,low
5.599847,0.234568,3,low
3.730205,0.320988,3,low
5.426100,0.847737,3,low
5.908587,0.724280,3,low
4.779179,0.148148,3,low
9.518971,0.962963,3,low
2.267467,0.930041,3,low
2.821576,0.074074,3,low
4.304330,0.971193,3,low
3.205253,0.148148,3,low
4.348996,0.946502,3,low
1.982528,0.942387,3,low
2.613843,0.366255,3,low
4.451389,0.074074,3,low
4.505537,0.794239,4,low
5.779676,0.065844,4,low
5.599847,0.176955,4,low
3.821009,0.000000,4,low
3.730205,0.316872,4,low
5.426100,0.810700,4,low
5.908587,0.695473,4,low
4.779179,0.139918,4,low
9.518971,0.954733,4,low
2.267467,0.901235,4,low
2.821576,0.032922,4,low
4.304330,0.967078,4,low
3.205253,0.144033,4,low
4.348996,0.930041,4,low
1.982528,0.938272,4,low
2.613843,0.353909,4,low
4.451389,0.074074,4,low
0.243257,0.000000,4,low
6.059195,0.699588,2,low
3.615308,0.596708,2,low
3.205987,0.189300,2,low
3.370025,0.098765,2,low
26.032467,1.000000,2,low
2.680759,0.683128,2,low
4.391532,0.423868,2,low
1.939299,0.074074,2,low
17.803294,0.012346,2,low
3.316590,0.000000,2,low
1.320774,0.415638,2,low
0.697615,0.069959,2,low
4.374122,0.061728,2,low
2.166445,0.983539,2,low
21.913625,0.946502,2,low
21.863225,0.670782,2,low
3.903272,0.950617,2,low
2.586544,0.539095,3,low
3.370025,0.024691,3,low
4.114643,0.423868,3,low
3.205987,0.148148,3,low
6.736117,0.794239,3,low
4.618246,0.921811,3,low
2.446372,0.000000,3,low
1.939299,0.028807,3,low
1.707980,0.008230,3,low
1.951561,0.267490,3,low
4.913918,0.012346,3,low
1.571897,0.000000,3,low
2.364570,0.144033,3,low
4.018097,0.119342,3,low
14.370547,0.234568,3,low
4.476102,0.518519,3,low
2.166445,0.884774,3,low
0.996836,0.061728,3,low
0.270830,0.020576,3,low
13.826464,0.086420,3,low
2.680759,0.543210,3,low
2.544441,0.115226,3,low
3.615308,0.218107,3,low
4.589412,0.958848,3,low
1.873318,0.000000,3,low
3.316590,0.000000,3,low
1.320774,0.144033,3,low
0.697615,0.020576,3,low
2.591523,0.016461,3,low
0.051965,0.008230,3,low
4.374122,0.012346,3,low
3.142455,0.827160,3,low
3.092055,0.106996,3,low
3.903272,0.950617,3,low
2.586544,0.489712,4,low
1.413898,0.230453,4,low
1.413151,0.037037,4,low
8.005355,0.094650,4,low
6.736117,0.584362,4,low
4.618246,0.880658,4,low
2.446372,0.000000,4,low
1.939299,0.020576,4,low
1.707980,0.000000,4,low
1.951561,0.205761,4,low
4.913918,0.000000,4,low
0.587770,0.000000,4,low
3.615308,0.106996,4,low
3.882170,0.041152,4,low
2.364570,0.127572,4,low
4.018097,0.061728,4,low
10.062256,0.213992,4,low
4.476102,0.436214,4,low
2.166445,0.827160,4,low
1.102841,0.000000,4,low
0.996836,0.049383,4,low
0.270830,0.016461,4,low
9.518173,0.069959,4,low
2.680759,0.041152,4,low
3.370025,0.000000,4,low
2.544441,0.069959,4,low
2.924590,0.041152,4,low
1.641019,0.888889,4,low
4.589412,0.930041,4,low
1.873318,0.000000,4,low
3.316590,0.000000,4,low
1.320774,0.024691,4,low
0.697615,0.012346,4,low
2.591523,0.000000,4,low
0.051965,0.004115,4,low
4.374122,0.004115,4,low
3.205987,0.008230,4,low
3.142455,0.794239,4,low
3.092055,0.106996,4,low
3.903272,0.934156,4,low
0.939662,0.008230,2,low
1.956045,0.086420,3,low
0.939662,0.004115,3,low
0.546411,0.061728,3,low
5.620597,0.139918,3,low
1.956045,0.045267,4,low
0.939662,0.000000,4,low
2.067851,0.777778,4,low
0.546411,0.032922,4,low
5.620597,0.127572,4,low
18.154927,1.000000,2,low
47.419001,0.633745,2,low
3.961694,0.086420,2,low
16.730605,0.995885,2,low
16.248310,0.995885,2,low
19.017209,0.995885,2,low
7.469463,0.942387,2,low
4.823370,0.983539,3,low
18.154927,0.954733,3,low
47.419001,0.390947,3,low
5.877356,0.971193,3,low
3.961694,0.053498,3,low
16.730605,0.987654,3,low
16.248310,0.930041,3,low
1.033406,0.378601,3,low
4.866669,0.905350,3,low
19.546842,0.987654,3,low
5.073282,0.979424,3,low
7.469463,0.917695,3,low
16.224359,0.794239,3,low
4.823370,0.962963,4,low
18.154927,0.934156,4,low
47.419001,0.123457,4,low
5.877356,0.456790,4,low
3.961694,0.024691,4,low
31.905656,0.197531,4,low
16.730605,0.987654,4,low
16.248310,0.909465,4,low
1.033406,0.156379,4,low
1.650022,0.012346,4,low
4.866669,0.901235,4,low
19.546842,0.971193,4,low
2.052567,0.465021,4,low
5.073282,0.954733,4,low
7.469463,0.905350,4,low
5.813073,0.061728,4,low
16.224359,0.761317,4,low
3.960505,1.000000,2,low
0.713258,0.086420,2,low
0.158162,0.008230,2,low
6.403586,1.000000,2,low
0.994871,0.744856,2,low
3.960505,0.991770,3,low
0.713258,0.053498,3,low
0.158162,0.000000,3,low
6.403586,0.995885,3,low
0.994871,0.724280,3,low
3.960505,0.975309,4,low
0.713258,0.012346,4,low
0.335316,0.000000,4,low
1.239217,0.000000,4,low
0.158162,0.000000,4,low
0.207709,0.000000,4,low
6.403586,0.987654,4,low
0.994871,0.724280,4,low
2.735773,0.995885,2,low
2.749087,0.983539,2,low
5.565327,0.995885,2,low
1.620488,0.028807,2,low
2.735773,0.666667,3,low
5.565327,0.012346,3,low
2.181572,0.098765,3,low
2.749087,0.699588,3,low
4.144139,0.012346,3,low
8.223947,0.987654,3,low
1.620488,0.012346,3,low
11.507830,0.975309,3,low
2.735773,0.658436,4,low
5.565327,0.004115,4,low
0.625776,0.053498,4,low
2.083774,0.004115,4,low
2.181572,0.049383,4,low
2.749087,0.687243,4,low
4.144139,0.012346,4,low
8.223947,0.987654,4,low
1.620488,0.004115,4,low
0.159892,0.004115,4,low
11.507830,0.967078,4,low
7.502103,0.987654,2,low
1.545660,0.888889,2,low
4.663997,0.991770,2,low
0.596563,0.835391,2,low
3.597495,0.934156,2,low
0.413888,0.016461,2,low
7.502103,0.930041,3,low
0.639191,0.716049,3,low
4.663997,0.971193,3,low
0.596563,0.028807,3,low
3.597495,0.893004,3,low
1.119531,0.041152,3,low
6.974887,0.942387,3,low
0.413888,0.008230,3,low
7.502103,0.917695,4,low
0.639191,0.707819,4,low
4.663997,0.971193,4,low
0.596563,0.004115,4,low
1.518903,0.769547,4,low
3.597495,0.884774,4,low
1.119531,0.012346,4,low
6.974887,0.921811,4,low
0.413888,0.004115,4,low
0.297702,0.016461,2,low
1.443000,0.843621,2,low
2.962583,0.983539,2,low
0.327146,0.049383,2,low
1.210725,0.954733,2,low
4.919112,0.995885,2,low
2.863416,0.979424,2,low
2.260915,0.991770,2,low
0.369606,0.012346,2,low
2.206500,0.925926,2,low
1.443000,0.823045,3,low
2.962583,0.909465,3,low
0.327146,0.041152,3,low
1.210725,0.942387,3,low
1.306786,0.810700,3,low
4.919112,0.831276,3,low
2.863416,0.938272,3,low
2.260915,0.958848,3,low
2.326648,0.950617,3,low
0.297702,0.000000,3,low
0.369606,0.008230,3,low
2.206500,0.748971,3,low
0.485949,0.012346,3,low
0.816365,0.600823,4,low
1.376444,0.818930,4,low
2.962583,0.880658,4,low
0.327146,0.028807,4,low
1.210725,0.839506,4,low
1.306786,0.794239,4,low
4.919112,0.728395,4,low
2.863416,0.893004,4,low
2.260915,0.934156,4,low
2.326648,0.827160,4,low
0.297702,0.000000,4,low
0.787825,0.049383,4,low
0.369606,0.004115,4,low
2.206500,0.740741,4,low
7.370265,0.736626,4,low
0.485949,0.008230,4,low
